transaction_id,customer_id,product_id,product_name,purchase_amount,purchase_timestamp
1,115,107,Natural Detergent,22.38,2024-11-13 17:35:00.348349
2,97,103,Organic Soap,73.76,2024-04-16 17:35:00.348349
3,100,103,Natural Detergent,40.14,2025-01-22 17:35:00.348349
4,47,109,Bamboo Towels,143.59,2024-11-27 17:35:00.348349
5,189,107,Organic Soap,195.11,2025-02-19 17:35:00.348349
6,114,109,Organic Soap,98.81,2024-09-30 17:35:00.348349
7,5,106,Reusable Bags,135.55,2024-05-31 17:35:00.348349
8,106,101,Solar Lights,74.04,2024-06-02 17:35:00.348349
9,173,110,Reusable Bags,112.95,2025-01-29 17:35:00.348349
10,77,102,Solar Lights,16.46,2024-08-05 17:35:00.348349
11,182,103,Compost Bin,41.31,2024-11-25 17:35:00.348349
12,187,105,Beeswax Wraps,16.44,2024-05-17 17:35:00.348349
13,126,110,Recycled Planters,84.0,2024-06-22 17:35:00.348349
14,122,110,Organic Soap,64.87,2025-03-24 17:35:00.348349
15,193,110,Beeswax Wraps,66.88,2024-11-07 17:35:00.348349
16,185,110,Natural Detergent,192.17,2024-09-15 17:35:00.348349
17,54,110,Solar Lights,116.05,2024-08-31 17:35:00.348349
18,117,101,Wooden Utensils,180.09,2024-09-13 17:35:00.348349
19,104,106,Natural Detergent,60.09,2025-01-18 17:35:00.348349
20,145,109,Recycled Planters,85.92,2024-11-16 17:35:00.348349
21,119,106,Natural Detergent,53.68,2024-11-17 17:35:00.348349
22,21,103,Compost Bin,120.9,2024-08-17 17:35:00.348349
23,76,110,Organic Soap,82.61,2024-12-12 17:35:00.348349
24,122,103,Wooden Utensils,136.27,2024-05-09 17:35:00.348349
25,150,102,Recycled Planters,128.41,2024-09-10 17:35:00.348349
26,200,105,Compost Bin,75.89,2024-06-14 17:35:00.348349
27,93,108,Beeswax Wraps,56.02,2024-10-10 17:35:00.348349
28,126,106,Cork Yoga Mat,191.69,2024-10-24 17:35:00.348349
29,52,103,Beeswax Wraps,180.2,2024-09-01 17:35:00.348349
30,98,102,Reusable Bags,33.61,2025-02-16 17:35:00.348349
31,38,107,Cork Yoga Mat,161.79,2024-08-12 17:35:00.348349
32,107,101,Natural Detergent,97.98,2025-02-12 17:35:00.348349
33,32,103,Compost Bin,187.31,2024-09-13 17:35:00.348349
34,67,103,Reusable Bags,30.25,2024-06-25 17:35:00.348349
35,198,105,Recycled Planters,90.85,2024-09-27 17:35:00.348349
36,20,103,Reusable Bags,152.28,2024-11-28 17:35:00.348349
37,107,108,Wooden Utensils,17.95,2024-11-22 17:35:00.348349
38,89,110,Recycled Planters,115.62,2024-05-09 17:35:00.348349
39,6,110,Compost Bin,51.24,2024-06-28 17:35:00.348349
40,40,101,Recycled Planters,111.73,2024-08-07 17:35:00.348349
41,37,105,Organic Soap,82.81,2024-08-08 17:35:00.348349
42,106,110,Cork Yoga Mat,71.29,2024-03-30 17:35:00.348349
43,83,101,Bamboo Towels,169.11,2024-07-29 17:35:00.348349
44,175,101,Wooden Utensils,45.32,2024-08-18 17:35:00.348349
45,29,104,Bamboo Towels,139.37,2024-07-20 17:35:00.348349
46,181,109,Reusable Bags,63.84,2024-05-04 17:35:00.348349
47,187,108,Compost Bin,170.34,2024-09-10 17:35:00.348349
48,49,104,Wooden Utensils,160.63,2024-05-02 17:35:00.348349
49,144,110,Beeswax Wraps,45.9,2024-12-29 17:35:00.348349
50,145,103,Organic Soap,158.55,2025-01-08 17:35:00.348349
51,56,110,Bamboo Towels,70.66,2024-12-13 17:35:00.348349
52,138,109,Organic Soap,59.03,2024-04-01 17:35:00.348349
53,28,104,Organic Soap,132.69,2024-05-17 17:35:00.348349
54,59,109,Solar Lights,47.32,2024-06-10 17:35:00.348349
55,56,107,Compost Bin,151.79,2024-11-19 17:35:00.348349
56,192,104,Compost Bin,20.02,2024-08-03 17:35:00.348349
57,144,107,Bamboo Towels,54.72,2024-05-01 17:35:00.348349
58,180,110,Cork Yoga Mat,59.99,2024-11-01 17:35:00.348349
59,175,108,Recycled Planters,91.43,2024-10-01 17:35:00.348349
60,143,108,Solar Lights,105.31,2024-07-03 17:35:00.348349
61,54,103,Bamboo Towels,65.0,2025-02-09 17:35:00.348349
62,164,109,Solar Lights,42.69,2024-05-19 17:35:00.348349
63,120,109,Wooden Utensils,145.08,2024-11-16 17:35:00.348349
64,131,109,Beeswax Wraps,199.51,2024-11-27 17:35:00.348349
65,98,108,Compost Bin,90.29,2024-07-24 17:35:00.348349
66,71,101,Beeswax Wraps,33.49,2024-07-31 17:35:00.348349
67,189,102,Cork Yoga Mat,12.62,2024-06-09 17:35:00.348349
68,103,102,Bamboo Towels,68.63,2025-03-06 17:35:00.348349
69,158,109,Recycled Planters,153.68,2024-06-05 17:35:00.348349
70,174,106,Cork Yoga Mat,196.45,2024-04-12 17:35:00.348349
71,183,104,Cork Yoga Mat,142.46,2024-11-03 17:35:00.348349
72,84,104,Cork Yoga Mat,47.0,2024-11-23 17:35:00.348349
73,8,106,Bamboo Towels,103.75,2025-01-01 17:35:00.348349
74,141,105,Compost Bin,154.08,2024-06-12 17:35:00.348349
75,166,104,Compost Bin,47.68,2024-04-25 17:35:00.348349
76,78,104,Reusable Bags,68.87,2025-02-17 17:35:00.348349
77,33,103,Wooden Utensils,160.87,2024-12-07 17:35:00.348349
78,200,107,Cork Yoga Mat,171.93,2025-01-26 17:35:00.348349
79,104,102,Wooden Utensils,175.49,2024-11-02 17:35:00.348349
80,149,103,Cork Yoga Mat,106.14,2025-03-03 17:35:00.348349
81,174,103,Organic Soap,65.06,2024-06-25 17:35:00.348349
82,9,107,Cork Yoga Mat,94.99,2024-06-04 17:35:00.348349
83,32,110,Solar Lights,182.49,2024-11-27 17:35:00.348349
84,122,109,Beeswax Wraps,85.14,2025-03-04 17:35:00.348349
85,67,102,Organic Soap,107.63,2024-06-28 17:35:00.348349
86,145,102,Recycled Planters,16.12,2024-07-01 17:35:00.348349
87,53,103,Recycled Planters,54.82,2024-08-31 17:35:00.348349
88,90,110,Beeswax Wraps,69.63,2024-11-18 17:35:00.348349
89,113,105,Beeswax Wraps,98.05,2025-03-14 17:35:00.348349
90,119,109,Wooden Utensils,26.79,2025-01-18 17:35:00.348349
91,87,102,Reusable Bags,80.0,2024-12-03 17:35:00.348349
92,27,104,Compost Bin,63.84,2024-12-02 17:35:00.348349
93,30,109,Bamboo Towels,187.96,2024-06-19 17:35:00.348349
94,102,106,Compost Bin,57.53,2024-08-08 17:35:00.348349
95,73,106,Reusable Bags,73.1,2024-10-31 17:35:00.348349
96,5,101,Compost Bin,62.92,2025-02-10 17:35:00.348349
97,96,103,Organic Soap,94.75,2024-09-01 17:35:00.348349
98,179,104,Cork Yoga Mat,90.89,2024-04-08 17:35:00.348349
99,191,108,Bamboo Towels,81.62,2024-09-20 17:35:00.348349
100,160,104,Solar Lights,196.3,2024-12-19 17:35:00.348349
101,173,107,Compost Bin,88.05,2024-12-27 17:35:00.348349
102,108,106,Organic Soap,70.72,2024-11-01 17:35:00.348349
103,31,110,Natural Detergent,15.16,2024-07-18 17:35:00.348349
104,171,109,Wooden Utensils,45.55,2024-11-10 17:35:00.348349
105,166,101,Wooden Utensils,36.27,2024-06-28 17:35:00.348349
106,149,105,Cork Yoga Mat,12.12,2024-07-18 17:35:00.348349
107,125,108,Compost Bin,37.71,2024-09-24 17:35:00.348349
108,191,105,Cork Yoga Mat,152.89,2024-05-26 17:35:00.348349
109,149,101,Wooden Utensils,106.63,2024-04-11 17:35:00.348349
110,129,103,Reusable Bags,49.12,2024-09-26 17:35:00.348349
111,50,101,Wooden Utensils,124.06,2025-03-20 17:35:00.348349
112,195,105,Compost Bin,101.2,2024-11-14 17:35:00.348349
113,58,104,Wooden Utensils,121.74,2024-09-15 17:35:00.348349
114,138,101,Solar Lights,186.23,2024-05-15 17:35:00.348349
115,195,110,Compost Bin,63.03,2025-01-13 17:35:00.348349
116,95,105,Natural Detergent,130.77,2024-04-20 17:35:00.348349
117,145,102,Bamboo Towels,86.67,2024-08-15 17:35:00.348349
118,21,103,Solar Lights,151.95,2024-05-19 17:35:00.348349
119,184,104,Recycled Planters,158.08,2024-06-11 17:35:00.348349
120,156,108,Reusable Bags,140.62,2025-02-24 17:35:00.348349
121,139,103,Bamboo Towels,138.07,2024-08-29 17:35:00.348349
122,174,104,Solar Lights,188.47,2024-04-02 17:35:00.348349
123,146,105,Organic Soap,32.45,2024-09-08 17:35:00.348349
124,140,104,Reusable Bags,88.43,2024-08-01 17:35:00.348349
125,162,109,Cork Yoga Mat,65.41,2024-08-12 17:35:00.348349
126,87,101,Natural Detergent,90.4,2025-03-01 17:35:00.348349
127,131,109,Solar Lights,37.44,2024-05-07 17:35:00.348349
128,184,101,Organic Soap,170.12,2025-03-08 17:35:00.348349
129,101,101,Natural Detergent,84.37,2024-10-17 17:35:00.348349
130,188,108,Organic Soap,68.56,2025-03-18 17:35:00.348349
131,86,104,Cork Yoga Mat,82.4,2024-09-10 17:35:00.348349
132,140,103,Bamboo Towels,102.5,2024-06-16 17:35:00.348349
133,4,101,Wooden Utensils,181.79,2024-12-31 17:35:00.348349
134,118,106,Compost Bin,198.63,2025-01-19 17:35:00.348349
135,147,104,Natural Detergent,147.78,2024-08-15 17:35:00.348349
136,102,103,Compost Bin,91.09,2025-01-11 17:35:00.348349
137,73,102,Compost Bin,107.43,2024-08-03 17:35:00.348349
138,183,101,Beeswax Wraps,59.06,2024-05-28 17:35:00.348349
139,156,101,Bamboo Towels,94.36,2025-02-16 17:35:00.348349
140,69,110,Solar Lights,108.49,2024-04-18 17:35:00.348349
141,138,110,Organic Soap,81.56,2024-05-04 17:35:00.348349
142,193,104,Bamboo Towels,143.11,2025-03-13 17:35:00.348349
143,30,103,Bamboo Towels,108.51,2024-10-09 17:35:00.348349
144,92,103,Compost Bin,124.39,2024-12-19 17:35:00.348349
145,131,107,Reusable Bags,83.9,2025-01-18 17:35:00.348349
146,77,109,Solar Lights,83.33,2024-10-08 17:35:00.348349
147,81,109,Recycled Planters,145.98,2025-02-18 17:35:00.348349
148,124,107,Cork Yoga Mat,183.57,2024-12-27 17:35:00.348349
149,174,101,Wooden Utensils,76.07,2025-03-12 17:35:00.348349
150,20,106,Compost Bin,111.85,2024-07-28 17:35:00.348349
151,12,109,Organic Soap,143.56,2024-06-24 17:35:00.348349
152,63,102,Organic Soap,125.4,2024-07-15 17:35:00.348349
153,49,102,Recycled Planters,90.69,2025-03-22 17:35:00.348349
154,11,110,Cork Yoga Mat,23.1,2024-07-24 17:35:00.348349
155,94,103,Compost Bin,31.76,2025-03-14 17:35:00.348349
156,85,110,Compost Bin,80.2,2024-10-03 17:35:00.348349
157,86,108,Cork Yoga Mat,178.19,2024-12-30 17:35:00.348349
158,174,107,Natural Detergent,33.22,2024-08-17 17:35:00.348349
159,136,104,Organic Soap,134.53,2024-07-02 17:35:00.348349
160,164,104,Bamboo Towels,195.71,2024-11-21 17:35:00.348349
161,198,104,Wooden Utensils,161.75,2024-12-14 17:35:00.348349
162,179,108,Cork Yoga Mat,48.3,2024-10-02 17:35:00.348349
163,187,106,Organic Soap,119.58,2024-10-30 17:35:00.348349
164,132,106,Solar Lights,38.42,2024-07-21 17:35:00.348349
165,79,105,Beeswax Wraps,73.39,2024-10-24 17:35:00.348349
166,169,107,Recycled Planters,120.95,2024-05-30 17:35:00.348349
167,136,101,Beeswax Wraps,74.41,2024-10-06 17:35:00.348349
168,110,102,Bamboo Towels,65.94,2024-12-08 17:35:00.348349
169,40,107,Reusable Bags,120.56,2025-03-17 17:35:00.348349
170,21,102,Reusable Bags,184.47,2024-04-27 17:35:00.348349
171,33,109,Beeswax Wraps,84.91,2024-09-23 17:35:00.348349
172,124,106,Natural Detergent,179.09,2024-10-10 17:35:00.348349
173,79,109,Cork Yoga Mat,197.75,2024-09-27 17:35:00.348349
174,169,105,Cork Yoga Mat,127.87,2024-11-03 17:35:00.348349
175,122,108,Organic Soap,146.74,2024-06-28 17:35:00.348349
176,92,104,Recycled Planters,64.89,2024-09-03 17:35:00.348349
177,5,102,Wooden Utensils,51.96,2024-11-28 17:35:00.348349
178,72,101,Cork Yoga Mat,112.19,2024-08-06 17:35:00.348349
179,124,110,Organic Soap,158.55,2024-07-11 17:35:00.348349
180,160,110,Beeswax Wraps,126.73,2024-07-04 17:35:00.348349
181,174,101,Reusable Bags,68.06,2024-09-26 17:35:00.348349
182,182,106,Beeswax Wraps,123.96,2024-05-13 17:35:00.348349
183,156,110,Natural Detergent,110.3,2024-10-03 17:35:00.348349
184,169,105,Wooden Utensils,25.87,2024-07-23 17:35:00.348349
185,189,108,Recycled Planters,182.98,2024-08-29 17:35:00.348349
186,84,106,Organic Soap,188.24,2024-03-29 17:35:00.348349
187,103,105,Cork Yoga Mat,188.42,2025-01-13 17:35:00.348349
188,187,106,Bamboo Towels,80.84,2025-01-19 17:35:00.348349
189,115,110,Natural Detergent,106.13,2024-10-10 17:35:00.348349
190,60,102,Natural Detergent,47.96,2024-11-08 17:35:00.348349
191,74,110,Cork Yoga Mat,18.68,2025-03-24 17:35:00.348349
192,7,104,Beeswax Wraps,122.26,2024-08-14 17:35:00.348349
193,184,106,Beeswax Wraps,43.4,2024-03-30 17:35:00.348349
194,66,105,Organic Soap,14.79,2025-02-27 17:35:00.348349
195,189,103,Natural Detergent,58.43,2025-01-28 17:35:00.348349
196,37,103,Bamboo Towels,71.8,2024-05-09 17:35:00.348349
197,1,106,Wooden Utensils,42.35,2024-04-24 17:35:00.348349
198,1,107,Recycled Planters,164.53,2025-01-06 17:35:00.348349
199,108,101,Compost Bin,108.55,2025-02-04 17:35:00.348349
200,27,105,Solar Lights,13.35,2024-06-03 17:35:00.348349
201,138,103,Organic Soap,10.99,2024-05-21 17:35:00.348349
202,115,109,Cork Yoga Mat,96.0,2024-08-11 17:35:00.348349
203,157,110,Organic Soap,175.7,2024-10-17 17:35:00.348349
204,184,106,Compost Bin,23.67,2024-06-24 17:35:00.348349
205,73,102,Cork Yoga Mat,80.02,2024-11-03 17:35:00.348349
206,19,109,Wooden Utensils,181.55,2025-01-31 17:35:00.348349
207,133,105,Reusable Bags,112.36,2024-08-03 17:35:00.348349
208,185,109,Compost Bin,171.46,2024-04-06 17:35:00.348349
209,55,109,Bamboo Towels,46.39,2024-11-25 17:35:00.348349
210,188,107,Beeswax Wraps,144.61,2025-03-20 17:35:00.348349
211,43,101,Wooden Utensils,82.49,2024-11-25 17:35:00.348349
212,142,106,Solar Lights,62.83,2024-12-07 17:35:00.348349
213,25,106,Recycled Planters,92.79,2024-11-04 17:35:00.348349
214,129,102,Solar Lights,169.95,2024-09-22 17:35:00.348349
215,183,102,Reusable Bags,72.57,2025-02-07 17:35:00.348349
216,89,103,Organic Soap,150.17,2024-12-21 17:35:00.348349
217,33,105,Cork Yoga Mat,15.76,2024-08-13 17:35:00.348349
218,79,110,Organic Soap,162.35,2024-08-10 17:35:00.348349
219,7,109,Wooden Utensils,163.99,2024-06-15 17:35:00.348349
220,17,101,Reusable Bags,47.94,2024-04-25 17:35:00.348349
221,66,108,Compost Bin,163.98,2024-07-29 17:35:00.348349
222,19,110,Bamboo Towels,182.57,2025-01-21 17:35:00.348349
223,96,110,Compost Bin,171.26,2024-07-12 17:35:00.348349
224,21,107,Compost Bin,135.31,2024-08-17 17:35:00.348349
225,104,110,Recycled Planters,39.38,2025-02-17 17:35:00.348349
226,171,102,Reusable Bags,11.2,2024-06-27 17:35:00.348349
227,95,104,Bamboo Towels,37.63,2024-10-18 17:35:00.348349
228,118,107,Reusable Bags,115.72,2024-07-16 17:35:00.348349
229,166,105,Recycled Planters,185.0,2024-04-16 17:35:00.348349
230,185,104,Beeswax Wraps,40.15,2024-05-14 17:35:00.348349
231,45,105,Beeswax Wraps,179.58,2024-12-11 17:35:00.348349
232,60,110,Wooden Utensils,198.08,2024-11-29 17:35:00.348349
233,160,101,Wooden Utensils,89.49,2024-06-02 17:35:00.348349
234,105,110,Cork Yoga Mat,14.55,2024-04-12 17:35:00.348349
235,197,106,Cork Yoga Mat,131.21,2024-05-05 17:35:00.348349
236,31,109,Cork Yoga Mat,194.19,2024-09-18 17:35:00.348349
237,190,101,Compost Bin,96.47,2024-12-05 17:35:00.348349
238,57,104,Cork Yoga Mat,27.35,2024-06-14 17:35:00.348349
239,16,101,Solar Lights,46.74,2025-02-10 17:35:00.348349
240,5,108,Recycled Planters,170.0,2024-06-15 17:35:00.348349
241,88,110,Organic Soap,193.59,2025-01-13 17:35:00.348349
242,184,102,Recycled Planters,28.39,2025-01-28 17:35:00.348349
243,142,105,Natural Detergent,74.13,2024-10-05 17:35:00.348349
244,147,103,Compost Bin,47.29,2024-05-27 17:35:00.348349
245,14,102,Solar Lights,94.47,2025-02-09 17:35:00.348349
246,10,107,Compost Bin,107.18,2025-03-23 17:35:00.348349
247,105,103,Compost Bin,73.56,2024-07-24 17:35:00.348349
248,2,108,Solar Lights,159.17,2024-10-30 17:35:00.348349
249,108,108,Natural Detergent,34.67,2024-05-14 17:35:00.348349
250,58,106,Natural Detergent,137.99,2024-10-03 17:35:00.348349
251,152,104,Beeswax Wraps,138.99,2024-12-17 17:35:00.348349
252,131,104,Recycled Planters,175.67,2024-06-06 17:35:00.348349
253,158,104,Reusable Bags,113.51,2024-10-16 17:35:00.348349
254,44,105,Reusable Bags,80.94,2025-01-01 17:35:00.348349
255,130,101,Beeswax Wraps,166.64,2024-05-25 17:35:00.348349
256,126,109,Solar Lights,101.58,2024-11-20 17:35:00.348349
257,34,110,Bamboo Towels,114.36,2025-03-06 17:35:00.348349
258,11,104,Recycled Planters,112.94,2024-11-30 17:35:00.348349
259,42,110,Reusable Bags,105.45,2025-03-18 17:35:00.348349
260,68,103,Wooden Utensils,135.8,2024-10-12 17:35:00.348349
261,150,104,Bamboo Towels,178.14,2024-04-22 17:35:00.348349
262,186,102,Reusable Bags,27.34,2025-02-10 17:35:00.348349
263,134,104,Bamboo Towels,158.16,2024-05-16 17:35:00.348349
264,27,102,Recycled Planters,113.31,2024-06-06 17:35:00.348349
265,163,110,Wooden Utensils,174.95,2025-01-20 17:35:00.348349
266,159,104,Compost Bin,168.52,2025-02-17 17:35:00.348349
267,19,107,Natural Detergent,144.31,2024-07-07 17:35:00.348349
268,146,101,Cork Yoga Mat,23.77,2024-12-07 17:35:00.348349
269,75,102,Recycled Planters,57.06,2024-04-14 17:35:00.348349
270,191,105,Natural Detergent,32.69,2024-07-22 17:35:00.348349
271,111,104,Beeswax Wraps,19.45,2024-07-22 17:35:00.348349
272,32,110,Natural Detergent,30.39,2025-02-04 17:35:00.348349
273,32,103,Organic Soap,185.31,2024-04-13 17:35:00.348349
274,113,106,Beeswax Wraps,121.86,2024-07-10 17:35:00.348349
275,185,101,Beeswax Wraps,177.26,2024-04-19 17:35:00.348349
276,12,102,Wooden Utensils,39.49,2024-11-26 17:35:00.348349
277,186,108,Cork Yoga Mat,120.84,2025-03-08 17:35:00.348349
278,174,104,Solar Lights,166.5,2024-10-28 17:35:00.348349
279,125,107,Natural Detergent,100.13,2024-05-29 17:35:00.348349
280,39,107,Solar Lights,185.41,2024-09-13 17:35:00.348349
281,50,103,Cork Yoga Mat,198.75,2025-01-17 17:35:00.348349
282,26,108,Recycled Planters,148.01,2024-10-11 17:35:00.348349
283,46,109,Solar Lights,118.14,2024-04-22 17:35:00.348349
284,190,102,Organic Soap,82.23,2024-09-15 17:35:00.348349
285,91,102,Beeswax Wraps,180.92,2024-07-29 17:35:00.348349
286,16,110,Organic Soap,150.86,2024-08-10 17:35:00.348349
287,94,110,Compost Bin,109.52,2024-04-28 17:35:00.348349
288,118,110,Compost Bin,115.07,2024-03-28 17:35:00.348349
289,60,108,Reusable Bags,141.38,2024-12-24 17:35:00.348349
290,139,109,Bamboo Towels,191.86,2024-11-08 17:35:00.348349
291,18,103,Organic Soap,153.5,2024-10-07 17:35:00.348349
292,65,106,Compost Bin,54.48,2025-03-11 17:35:00.348349
293,114,108,Reusable Bags,175.56,2024-11-05 17:35:00.348349
294,164,107,Natural Detergent,127.93,2025-02-02 17:35:00.348349
295,117,110,Wooden Utensils,85.68,2024-08-24 17:35:00.348349
296,36,109,Cork Yoga Mat,111.38,2024-10-12 17:35:00.348349
297,18,103,Beeswax Wraps,132.16,2024-05-28 17:35:00.348349
298,123,103,Beeswax Wraps,99.02,2024-05-26 17:35:00.348349
299,80,105,Solar Lights,80.52,2024-11-14 17:35:00.348349
300,40,105,Beeswax Wraps,187.85,2024-10-05 17:35:00.348349
301,104,104,Reusable Bags,34.66,2024-05-24 17:35:00.348349
302,62,105,Bamboo Towels,194.59,2024-09-14 17:35:00.348349
303,145,105,Cork Yoga Mat,161.03,2024-04-08 17:35:00.348349
304,106,105,Compost Bin,66.05,2024-04-24 17:35:00.348349
305,4,106,Organic Soap,142.85,2025-01-16 17:35:00.348349
306,119,108,Natural Detergent,104.06,2024-08-30 17:35:00.348349
307,170,108,Cork Yoga Mat,89.88,2025-02-06 17:35:00.348349
308,70,102,Natural Detergent,14.21,2025-01-01 17:35:00.348349
309,30,103,Cork Yoga Mat,173.38,2024-06-13 17:35:00.348349
310,68,105,Organic Soap,65.99,2024-11-16 17:35:00.348349
311,163,105,Cork Yoga Mat,167.04,2024-06-11 17:35:00.348349
312,20,103,Bamboo Towels,21.4,2024-06-23 17:35:00.348349
313,23,107,Cork Yoga Mat,184.31,2024-04-07 17:35:00.348349
314,174,103,Bamboo Towels,145.85,2024-11-22 17:35:00.348349
315,54,106,Natural Detergent,33.25,2024-10-27 17:35:00.348349
316,120,101,Solar Lights,86.38,2025-02-28 17:35:00.348349
317,144,101,Organic Soap,85.66,2024-06-15 17:35:00.348349
318,15,107,Natural Detergent,34.8,2025-03-24 17:35:00.348349
319,111,102,Solar Lights,74.12,2024-04-24 17:35:00.348349
320,191,110,Bamboo Towels,104.73,2024-11-13 17:35:00.348349
321,3,105,Beeswax Wraps,119.08,2025-02-21 17:35:00.348349
322,139,108,Compost Bin,197.12,2024-10-18 17:35:00.348349
323,1,110,Reusable Bags,25.45,2024-07-20 17:35:00.348349
324,135,108,Wooden Utensils,187.03,2024-07-04 17:35:00.348349
325,10,104,Compost Bin,73.6,2024-07-15 17:35:00.348349
326,6,108,Recycled Planters,100.1,2024-10-31 17:35:00.348349
327,70,101,Bamboo Towels,119.53,2024-06-29 17:35:00.348349
328,131,103,Beeswax Wraps,154.01,2024-08-13 17:35:00.348349
329,199,104,Solar Lights,26.46,2024-10-28 17:35:00.348349
330,181,108,Compost Bin,151.04,2024-07-01 17:35:00.348349
331,45,102,Wooden Utensils,86.58,2024-12-01 17:35:00.348349
332,193,109,Solar Lights,184.58,2024-05-29 17:35:00.348349
333,197,107,Beeswax Wraps,170.37,2024-05-18 17:35:00.348349
334,35,108,Bamboo Towels,27.39,2024-09-11 17:35:00.348349
335,72,105,Wooden Utensils,94.46,2025-03-16 17:35:00.348349
336,1,101,Natural Detergent,114.77,2024-05-04 17:35:00.348349
337,116,104,Beeswax Wraps,123.9,2024-05-21 17:35:00.348349
338,3,101,Reusable Bags,89.06,2024-08-09 17:35:00.348349
339,66,110,Solar Lights,152.47,2024-07-02 17:35:00.348349
340,151,103,Organic Soap,28.59,2024-07-17 17:35:00.348349
341,176,110,Recycled Planters,134.68,2024-06-18 17:35:00.348349
342,29,104,Natural Detergent,150.22,2024-09-02 17:35:00.348349
343,22,107,Organic Soap,196.12,2025-02-11 17:35:00.348349
344,178,101,Natural Detergent,166.24,2024-09-07 17:35:00.348349
345,133,103,Cork Yoga Mat,59.04,2024-07-10 17:35:00.348349
346,172,110,Bamboo Towels,156.03,2024-06-03 17:35:00.348349
347,28,104,Beeswax Wraps,146.53,2024-04-23 17:35:00.348349
348,147,106,Recycled Planters,112.73,2024-10-08 17:35:00.348349
349,185,107,Solar Lights,108.97,2025-03-08 17:35:00.348349
350,40,102,Recycled Planters,41.84,2024-04-24 17:35:00.348349
351,34,104,Beeswax Wraps,37.92,2024-04-16 17:35:00.348349
352,195,106,Reusable Bags,149.22,2024-11-24 17:35:00.348349
353,33,102,Solar Lights,199.9,2025-02-18 17:35:00.348349
354,199,103,Bamboo Towels,79.49,2024-07-26 17:35:00.348349
355,83,110,Wooden Utensils,58.43,2024-08-23 17:35:00.348349
356,176,106,Solar Lights,54.55,2024-10-21 17:35:00.348349
357,105,106,Cork Yoga Mat,104.52,2024-12-16 17:35:00.348349
358,54,106,Compost Bin,51.65,2024-05-17 17:35:00.348349
359,155,109,Wooden Utensils,54.55,2024-05-08 17:35:00.348349
360,50,108,Bamboo Towels,59.5,2024-10-24 17:35:00.348349
361,138,105,Bamboo Towels,191.51,2025-02-16 17:35:00.348349
362,189,110,Compost Bin,97.25,2024-05-08 17:35:00.348349
363,91,104,Beeswax Wraps,172.9,2024-09-25 17:35:00.348349
364,79,106,Bamboo Towels,60.35,2024-04-17 17:35:00.348349
365,12,110,Wooden Utensils,43.27,2025-03-12 17:35:00.348349
366,185,105,Wooden Utensils,55.67,2024-12-18 17:35:00.348349
367,129,107,Wooden Utensils,86.6,2024-07-02 17:35:00.348349
368,31,107,Organic Soap,104.38,2024-08-26 17:35:00.348349
369,69,109,Wooden Utensils,24.51,2024-04-17 17:35:00.348349
370,191,101,Wooden Utensils,170.74,2024-11-13 17:35:00.348349
371,178,106,Beeswax Wraps,66.33,2025-03-21 17:35:00.348349
372,13,105,Beeswax Wraps,194.64,2024-07-16 17:35:00.348349
373,24,106,Wooden Utensils,39.82,2024-10-29 17:35:00.348349
374,63,106,Solar Lights,11.41,2024-11-05 17:35:00.348349
375,169,106,Beeswax Wraps,147.96,2024-05-22 17:35:00.348349
376,139,101,Cork Yoga Mat,45.75,2025-02-03 17:35:00.348349
377,164,101,Recycled Planters,153.65,2024-07-09 17:35:00.348349
378,136,101,Natural Detergent,128.76,2024-09-26 17:35:00.348349
379,4,101,Wooden Utensils,141.06,2024-08-26 17:35:00.348349
380,58,103,Compost Bin,144.96,2025-01-17 17:35:00.348349
381,41,104,Beeswax Wraps,143.62,2024-06-14 17:35:00.348349
382,35,110,Organic Soap,184.36,2024-07-08 17:35:00.348349
383,188,107,Bamboo Towels,55.53,2025-03-21 17:35:00.348349
384,22,101,Beeswax Wraps,180.65,2024-12-10 17:35:00.348349
385,132,101,Beeswax Wraps,71.77,2024-09-27 17:35:00.348349
386,169,104,Beeswax Wraps,78.31,2024-10-29 17:35:00.348349
387,111,107,Bamboo Towels,23.76,2024-12-10 17:35:00.348349
388,188,101,Bamboo Towels,27.92,2024-09-05 17:35:00.348349
389,66,109,Natural Detergent,165.48,2024-10-03 17:35:00.348349
390,161,103,Wooden Utensils,70.68,2025-01-26 17:35:00.348349
391,185,103,Recycled Planters,152.87,2024-04-11 17:35:00.348349
392,145,107,Reusable Bags,135.35,2024-10-13 17:35:00.348349
393,121,105,Organic Soap,150.46,2025-01-13 17:35:00.348349
394,108,107,Reusable Bags,63.24,2024-05-06 17:35:00.348349
395,114,108,Solar Lights,190.94,2024-07-25 17:35:00.348349
396,77,103,Cork Yoga Mat,68.41,2024-04-20 17:35:00.348349
397,180,109,Beeswax Wraps,150.28,2024-10-04 17:35:00.348349
398,61,107,Compost Bin,37.65,2024-05-20 17:35:00.348349
399,62,109,Beeswax Wraps,195.44,2024-04-27 17:35:00.348349
400,134,104,Recycled Planters,189.67,2024-06-11 17:35:00.348349
401,162,107,Cork Yoga Mat,141.37,2024-03-28 17:35:00.348349
402,101,106,Beeswax Wraps,165.3,2024-09-15 17:35:00.348349
403,44,110,Compost Bin,56.81,2025-01-07 17:35:00.348349
404,172,102,Wooden Utensils,32.92,2024-07-24 17:35:00.348349
405,78,109,Beeswax Wraps,104.41,2024-11-23 17:35:00.348349
406,56,104,Organic Soap,93.07,2025-02-11 17:35:00.348349
407,23,106,Natural Detergent,34.04,2025-01-30 17:35:00.348349
408,174,110,Natural Detergent,14.19,2024-04-23 17:35:00.348349
409,104,107,Reusable Bags,157.26,2024-11-08 17:35:00.348349
410,59,102,Recycled Planters,118.84,2025-03-04 17:35:00.348349
411,134,107,Cork Yoga Mat,171.85,2025-03-25 17:35:00.348349
412,135,110,Bamboo Towels,153.86,2024-07-16 17:35:00.348349
413,18,103,Cork Yoga Mat,154.47,2024-12-31 17:35:00.348349
414,98,106,Beeswax Wraps,47.32,2024-08-09 17:35:00.348349
415,123,110,Reusable Bags,37.56,2024-10-10 17:35:00.348349
416,32,105,Compost Bin,185.21,2024-09-18 17:35:00.348349
417,84,106,Wooden Utensils,122.02,2024-12-25 17:35:00.348349
418,139,103,Bamboo Towels,143.07,2024-10-02 17:35:00.348349
419,33,101,Beeswax Wraps,167.49,2024-12-16 17:35:00.348349
420,182,104,Cork Yoga Mat,135.99,2024-05-25 17:35:00.348349
421,8,103,Wooden Utensils,179.79,2024-09-11 17:35:00.348349
422,13,101,Reusable Bags,127.49,2025-02-10 17:35:00.348349
423,130,105,Solar Lights,103.26,2024-04-16 17:35:00.348349
424,125,105,Beeswax Wraps,114.61,2024-12-30 17:35:00.348349
425,94,104,Wooden Utensils,66.21,2024-11-08 17:35:00.348349
426,82,110,Natural Detergent,159.84,2024-08-15 17:35:00.348349
427,49,108,Cork Yoga Mat,44.06,2025-03-11 17:35:00.348349
428,74,106,Beeswax Wraps,72.28,2024-10-09 17:35:00.348349
429,144,105,Bamboo Towels,65.1,2024-10-11 17:35:00.348349
430,23,104,Cork Yoga Mat,48.38,2024-04-03 17:35:00.348349
431,90,104,Reusable Bags,34.92,2025-01-29 17:35:00.348349
432,146,109,Bamboo Towels,141.22,2024-09-24 17:35:00.348349
433,81,106,Organic Soap,62.27,2024-04-09 17:35:00.348349
434,146,106,Compost Bin,170.25,2025-03-05 17:35:00.348349
435,49,103,Bamboo Towels,158.07,2024-07-20 17:35:00.348349
436,101,103,Wooden Utensils,74.64,2024-04-27 17:35:00.348349
437,11,110,Beeswax Wraps,136.4,2024-10-12 17:35:00.348349
438,106,102,Organic Soap,194.07,2024-05-16 17:35:00.348349
439,54,107,Natural Detergent,75.29,2024-07-08 17:35:00.348349
440,136,105,Wooden Utensils,120.01,2024-09-17 17:35:00.348349
441,79,108,Bamboo Towels,133.5,2024-09-06 17:35:00.348349
442,10,108,Cork Yoga Mat,93.16,2024-05-19 17:35:00.348349
443,136,102,Reusable Bags,41.86,2024-09-10 17:35:00.348349
444,91,106,Cork Yoga Mat,45.07,2024-07-23 17:35:00.348349
445,118,107,Bamboo Towels,173.81,2025-03-21 17:35:00.348349
446,42,107,Organic Soap,65.35,2024-06-30 17:35:00.348349
447,98,106,Reusable Bags,111.73,2024-07-02 17:35:00.348349
448,191,105,Natural Detergent,161.66,2024-05-28 17:35:00.348349
449,195,103,Beeswax Wraps,48.99,2024-05-21 17:35:00.348349
450,183,108,Natural Detergent,84.07,2024-12-16 17:35:00.348349
451,4,107,Wooden Utensils,14.82,2024-04-06 17:35:00.348349
452,172,110,Recycled Planters,123.25,2024-11-25 17:35:00.348349
453,163,110,Natural Detergent,98.98,2024-05-18 17:35:00.348349
454,164,106,Bamboo Towels,153.04,2024-06-26 17:35:00.348349
455,98,107,Natural Detergent,109.82,2024-08-02 17:35:00.348349
456,30,104,Organic Soap,121.25,2024-05-18 17:35:00.348349
457,175,104,Compost Bin,32.39,2024-07-12 17:35:00.348349
458,75,101,Cork Yoga Mat,140.84,2025-01-27 17:35:00.348349
459,129,105,Reusable Bags,66.34,2024-09-26 17:35:00.348349
460,89,105,Organic Soap,186.31,2025-02-26 17:35:00.348349
461,36,108,Solar Lights,183.9,2024-05-19 17:35:00.348349
462,103,109,Beeswax Wraps,14.86,2024-04-07 17:35:00.348349
463,46,102,Natural Detergent,68.45,2024-07-30 17:35:00.348349
464,26,110,Beeswax Wraps,149.91,2024-05-21 17:35:00.348349
465,54,110,Beeswax Wraps,158.47,2025-02-28 17:35:00.348349
466,67,108,Natural Detergent,111.42,2024-10-13 17:35:00.348349
467,112,110,Reusable Bags,97.76,2024-06-13 17:35:00.348349
468,47,103,Organic Soap,114.24,2024-11-19 17:35:00.348349
469,2,108,Beeswax Wraps,93.7,2024-05-19 17:35:00.348349
470,165,110,Natural Detergent,68.06,2024-05-09 17:35:00.348349
471,74,103,Natural Detergent,118.93,2024-04-01 17:35:00.348349
472,140,106,Cork Yoga Mat,102.5,2025-01-17 17:35:00.348349
473,178,102,Reusable Bags,117.27,2024-11-10 17:35:00.348349
474,154,102,Recycled Planters,168.61,2024-05-28 17:35:00.348349
475,190,108,Natural Detergent,33.87,2024-10-16 17:35:00.348349
476,118,105,Beeswax Wraps,174.43,2024-08-26 17:35:00.348349
477,56,103,Organic Soap,192.01,2025-01-01 17:35:00.348349
478,47,103,Bamboo Towels,37.49,2024-12-06 17:35:00.348349
479,96,107,Wooden Utensils,184.47,2025-01-31 17:35:00.348349
480,5,106,Solar Lights,58.64,2024-09-03 17:35:00.348349
481,28,103,Organic Soap,186.69,2024-06-20 17:35:00.348349
482,194,105,Reusable Bags,133.48,2024-04-10 17:35:00.348349
483,113,110,Cork Yoga Mat,33.18,2024-09-18 17:35:00.348349
484,176,107,Reusable Bags,175.4,2024-11-22 17:35:00.348349
485,27,101,Reusable Bags,145.38,2025-03-18 17:35:00.348349
486,28,108,Wooden Utensils,33.7,2024-11-07 17:35:00.348349
487,195,104,Solar Lights,90.54,2024-05-04 17:35:00.348349
488,193,105,Solar Lights,117.07,2025-02-05 17:35:00.348349
489,35,105,Wooden Utensils,169.79,2024-09-15 17:35:00.348349
490,21,107,Bamboo Towels,103.23,2024-11-18 17:35:00.348349
491,153,103,Bamboo Towels,139.69,2025-03-05 17:35:00.348349
492,79,103,Solar Lights,89.23,2024-12-28 17:35:00.348349
493,45,108,Cork Yoga Mat,131.24,2024-08-18 17:35:00.348349
494,147,107,Wooden Utensils,98.61,2025-01-11 17:35:00.348349
495,160,110,Wooden Utensils,132.32,2024-11-25 17:35:00.348349
496,128,103,Wooden Utensils,98.34,2025-02-12 17:35:00.348349
497,147,108,Natural Detergent,170.06,2025-02-08 17:35:00.348349
498,119,105,Organic Soap,82.52,2025-01-20 17:35:00.348349
499,193,104,Reusable Bags,106.32,2025-03-14 17:35:00.348349
500,168,107,Natural Detergent,155.78,2025-02-01 17:35:00.348349
501,113,104,Wooden Utensils,141.43,2024-08-18 17:35:00.348349
502,197,106,Natural Detergent,143.11,2025-02-18 17:35:00.348349
503,153,104,Cork Yoga Mat,196.29,2024-11-18 17:35:00.348349
504,174,106,Organic Soap,86.85,2024-09-19 17:35:00.348349
505,16,102,Organic Soap,70.12,2024-06-21 17:35:00.348349
506,122,104,Wooden Utensils,70.96,2025-02-09 17:35:00.348349
507,70,103,Solar Lights,174.82,2024-11-07 17:35:00.348349
508,120,106,Bamboo Towels,21.16,2024-10-29 17:35:00.348349
509,139,110,Solar Lights,14.49,2024-12-26 17:35:00.348349
510,149,110,Recycled Planters,146.95,2024-05-31 17:35:00.348349
511,110,108,Wooden Utensils,129.98,2024-04-15 17:35:00.348349
512,92,106,Cork Yoga Mat,136.28,2025-03-18 17:35:00.348349
513,173,102,Bamboo Towels,164.16,2025-03-22 17:35:00.348349
514,192,103,Beeswax Wraps,76.25,2024-10-11 17:35:00.348349
515,146,107,Solar Lights,136.7,2025-01-14 17:35:00.348349
516,105,107,Wooden Utensils,166.93,2024-08-11 17:35:00.348349
517,33,108,Solar Lights,196.17,2024-07-16 17:35:00.348349
518,25,110,Compost Bin,42.28,2025-01-01 17:35:00.348349
519,184,107,Reusable Bags,114.97,2024-09-01 17:35:00.348349
520,65,104,Compost Bin,71.2,2024-11-12 17:35:00.348349
521,32,108,Recycled Planters,43.5,2024-08-01 17:35:00.348349
522,94,106,Reusable Bags,46.7,2025-01-13 17:35:00.348349
523,161,107,Bamboo Towels,77.36,2025-02-09 17:35:00.348349
524,110,106,Natural Detergent,53.11,2024-12-29 17:35:00.348349
525,119,101,Beeswax Wraps,172.27,2025-02-21 17:35:00.348349
526,8,110,Beeswax Wraps,104.43,2024-05-22 17:35:00.348349
527,85,105,Solar Lights,175.28,2024-07-03 17:35:00.348349
528,110,101,Wooden Utensils,73.4,2025-03-03 17:35:00.348349
529,81,109,Solar Lights,187.46,2024-06-10 17:35:00.348349
530,22,106,Bamboo Towels,33.3,2024-09-24 17:35:00.348349
531,91,109,Wooden Utensils,118.03,2024-12-02 17:35:00.348349
532,195,102,Natural Detergent,106.65,2024-07-07 17:35:00.348349
533,162,109,Wooden Utensils,66.03,2024-11-30 17:35:00.348349
534,12,102,Recycled Planters,29.02,2025-01-07 17:35:00.348349
535,54,110,Reusable Bags,75.16,2025-02-27 17:35:00.348349
536,200,103,Cork Yoga Mat,165.15,2025-01-04 17:35:00.348349
537,7,106,Solar Lights,167.58,2025-01-27 17:35:00.348349
538,42,108,Organic Soap,159.62,2024-07-15 17:35:00.348349
539,175,105,Recycled Planters,54.92,2025-03-24 17:35:00.348349
540,20,104,Organic Soap,92.59,2024-11-08 17:35:00.348349
541,76,101,Organic Soap,166.51,2024-04-29 17:35:00.348349
542,25,107,Recycled Planters,63.61,2025-03-05 17:35:00.348349
543,124,103,Cork Yoga Mat,147.55,2024-09-08 17:35:00.348349
544,34,107,Beeswax Wraps,140.27,2024-08-16 17:35:00.348349
545,158,102,Beeswax Wraps,180.16,2024-09-07 17:35:00.348349
546,62,105,Wooden Utensils,144.62,2025-03-19 17:35:00.348349
547,177,107,Organic Soap,91.72,2024-04-17 17:35:00.348349
548,106,103,Natural Detergent,99.33,2024-05-30 17:35:00.348349
549,191,107,Bamboo Towels,118.33,2024-04-05 17:35:00.348349
550,3,110,Cork Yoga Mat,176.79,2024-05-04 17:35:00.348349
551,72,108,Reusable Bags,101.46,2024-03-26 17:35:00.348349
552,164,103,Bamboo Towels,136.97,2024-07-10 17:35:00.348349
553,171,109,Beeswax Wraps,57.04,2024-11-19 17:35:00.348349
554,181,106,Cork Yoga Mat,98.49,2024-07-02 17:35:00.348349
555,187,108,Compost Bin,146.08,2024-04-08 17:35:00.348349
556,142,110,Natural Detergent,30.67,2024-12-10 17:35:00.348349
557,31,106,Recycled Planters,100.96,2024-07-06 17:35:00.348349
558,57,108,Reusable Bags,103.63,2024-06-24 17:35:00.348349
559,9,101,Reusable Bags,114.9,2024-04-17 17:35:00.348349
560,48,108,Solar Lights,128.73,2024-11-27 17:35:00.348349
561,66,102,Wooden Utensils,20.04,2024-10-05 17:35:00.348349
562,61,106,Reusable Bags,146.73,2024-11-21 17:35:00.348349
563,61,104,Reusable Bags,35.47,2024-10-12 17:35:00.348349
564,91,103,Beeswax Wraps,65.52,2024-06-27 17:35:00.348349
565,183,103,Organic Soap,181.58,2024-10-21 17:35:00.348349
566,43,105,Compost Bin,189.77,2024-05-28 17:35:00.348349
567,35,107,Recycled Planters,104.88,2024-05-05 17:35:00.348349
568,22,105,Cork Yoga Mat,64.51,2024-09-13 17:35:00.348349
569,50,106,Recycled Planters,45.57,2024-10-05 17:35:00.348349
570,46,109,Wooden Utensils,45.58,2024-04-25 17:35:00.348349
571,75,110,Beeswax Wraps,166.19,2024-05-31 17:35:00.348349
572,104,110,Solar Lights,132.54,2024-12-11 17:35:00.348349
573,21,110,Wooden Utensils,158.8,2025-03-04 17:35:00.348349
574,177,106,Natural Detergent,77.94,2025-02-11 17:35:00.348349
575,6,106,Compost Bin,139.31,2024-08-03 17:35:00.348349
576,194,103,Cork Yoga Mat,135.36,2024-06-03 17:35:00.348349
577,156,103,Compost Bin,123.35,2025-03-22 17:35:00.348349
578,65,107,Compost Bin,38.81,2024-08-20 17:35:00.348349
579,67,106,Cork Yoga Mat,80.9,2024-10-14 17:35:00.348349
580,164,103,Reusable Bags,29.66,2024-08-24 17:35:00.348349
581,95,109,Reusable Bags,192.34,2024-10-20 17:35:00.348349
582,173,110,Wooden Utensils,39.19,2024-09-11 17:35:00.348349
583,122,107,Solar Lights,109.78,2024-06-27 17:35:00.348349
584,104,101,Solar Lights,96.02,2024-11-21 17:35:00.348349
585,4,109,Solar Lights,199.28,2025-03-04 17:35:00.348349
586,4,108,Bamboo Towels,105.86,2024-04-20 17:35:00.348349
587,102,106,Bamboo Towels,63.42,2024-08-09 17:35:00.348349
588,190,108,Reusable Bags,46.38,2024-09-10 17:35:00.348349
589,42,104,Compost Bin,20.19,2024-05-17 17:35:00.348349
590,108,102,Bamboo Towels,40.75,2024-06-15 17:35:00.348349
591,107,106,Cork Yoga Mat,27.77,2024-05-28 17:35:00.348349
592,169,101,Beeswax Wraps,96.23,2024-12-03 17:35:00.348349
593,102,102,Natural Detergent,49.56,2024-04-22 17:35:00.348349
594,161,104,Cork Yoga Mat,174.26,2024-04-16 17:35:00.348349
595,38,102,Wooden Utensils,162.91,2024-08-09 17:35:00.348349
596,195,106,Recycled Planters,50.31,2024-07-14 17:35:00.348349
597,169,106,Organic Soap,105.4,2024-05-16 17:35:00.348349
598,145,109,Cork Yoga Mat,68.64,2024-10-28 17:35:00.348349
599,12,103,Bamboo Towels,188.0,2025-02-02 17:35:00.348349
600,176,108,Organic Soap,71.57,2024-06-03 17:35:00.348349
601,58,105,Cork Yoga Mat,38.28,2024-04-01 17:35:00.348349
602,189,104,Reusable Bags,38.86,2024-05-20 17:35:00.348349
603,151,109,Wooden Utensils,104.62,2024-07-16 17:35:00.348349
604,78,106,Organic Soap,194.97,2024-10-30 17:35:00.348349
605,161,106,Solar Lights,144.76,2024-12-09 17:35:00.348349
606,19,108,Beeswax Wraps,92.09,2024-05-26 17:35:00.348349
607,128,109,Organic Soap,15.18,2025-03-19 17:35:00.348349
608,77,101,Organic Soap,136.53,2024-12-20 17:35:00.348349
609,9,102,Recycled Planters,59.77,2024-09-11 17:35:00.348349
610,163,106,Solar Lights,46.33,2024-04-08 17:35:00.348349
611,133,101,Compost Bin,101.81,2024-09-28 17:35:00.348349
612,186,106,Reusable Bags,78.2,2024-11-05 17:35:00.348349
613,144,104,Organic Soap,81.68,2024-10-28 17:35:00.348349
614,82,104,Wooden Utensils,118.15,2024-11-03 17:35:00.348349
615,162,101,Reusable Bags,184.23,2024-04-06 17:35:00.348349
616,15,108,Solar Lights,18.01,2024-04-06 17:35:00.348349
617,164,101,Solar Lights,31.63,2024-06-13 17:35:00.348349
618,110,109,Natural Detergent,134.34,2024-10-08 17:35:00.348349
619,15,107,Organic Soap,19.23,2025-01-27 17:35:00.348349
620,6,106,Organic Soap,155.28,2024-12-20 17:35:00.348349
621,119,110,Solar Lights,162.17,2024-10-18 17:35:00.348349
622,172,103,Beeswax Wraps,185.88,2024-07-06 17:35:00.348349
623,160,104,Compost Bin,64.75,2024-11-10 17:35:00.348349
624,9,109,Bamboo Towels,167.41,2024-11-19 17:35:00.348349
625,186,106,Cork Yoga Mat,27.99,2024-10-27 17:35:00.348349
626,190,105,Beeswax Wraps,131.13,2024-10-23 17:35:00.348349
627,120,107,Solar Lights,99.86,2024-05-01 17:35:00.348349
628,127,105,Beeswax Wraps,12.65,2024-08-26 17:35:00.348349
629,90,102,Wooden Utensils,186.51,2024-06-13 17:35:00.348349
630,17,102,Organic Soap,114.37,2025-02-28 17:35:00.348349
631,26,104,Beeswax Wraps,23.26,2024-10-24 17:35:00.348349
632,188,110,Reusable Bags,65.91,2024-03-28 17:35:00.348349
633,63,101,Natural Detergent,151.6,2024-03-27 17:35:00.348349
634,104,101,Beeswax Wraps,91.83,2024-07-03 17:35:00.348349
635,9,102,Compost Bin,93.99,2024-12-22 17:35:00.348349
636,157,102,Natural Detergent,90.91,2024-10-07 17:35:00.348349
637,199,101,Solar Lights,26.35,2024-04-19 17:35:00.348349
638,139,107,Beeswax Wraps,92.28,2024-10-19 17:35:00.348349
639,70,109,Natural Detergent,15.79,2024-04-08 17:35:00.348349
640,197,107,Organic Soap,71.53,2024-07-04 17:35:00.348349
641,23,105,Wooden Utensils,37.24,2025-02-01 17:35:00.348349
642,102,104,Compost Bin,39.93,2025-01-10 17:35:00.348349
643,26,106,Solar Lights,12.29,2024-12-16 17:35:00.348349
644,136,107,Natural Detergent,158.75,2025-01-18 17:35:00.348349
645,103,108,Compost Bin,152.71,2024-08-10 17:35:00.348349
646,88,103,Wooden Utensils,52.75,2025-03-01 17:35:00.348349
647,165,105,Beeswax Wraps,48.79,2024-06-18 17:35:00.348349
648,20,104,Natural Detergent,102.64,2024-11-08 17:35:00.348349
649,123,106,Wooden Utensils,180.4,2024-11-20 17:35:00.348349
650,164,103,Solar Lights,130.62,2024-11-06 17:35:00.348349
651,45,110,Bamboo Towels,34.82,2024-07-11 17:35:00.348349
652,22,103,Reusable Bags,75.89,2024-07-31 17:35:00.348349
653,8,110,Cork Yoga Mat,122.61,2025-01-24 17:35:00.348349
654,34,108,Compost Bin,165.83,2024-09-06 17:35:00.348349
655,134,107,Beeswax Wraps,114.74,2024-10-23 17:35:00.348349
656,6,106,Organic Soap,136.92,2024-03-27 17:35:00.348349
657,78,109,Compost Bin,159.18,2024-03-28 17:35:00.348349
658,18,107,Natural Detergent,37.09,2024-05-11 17:35:00.348349
659,198,103,Organic Soap,52.52,2025-01-17 17:35:00.348349
660,71,108,Cork Yoga Mat,160.53,2025-01-20 17:35:00.348349
661,9,104,Natural Detergent,195.25,2024-03-27 17:35:00.348349
662,43,103,Organic Soap,66.26,2024-07-19 17:35:00.348349
663,140,102,Organic Soap,93.07,2024-12-15 17:35:00.348349
664,196,108,Cork Yoga Mat,95.46,2024-08-04 17:35:00.348349
665,103,106,Recycled Planters,41.22,2025-02-19 17:35:00.348349
666,69,107,Recycled Planters,22.11,2024-06-18 17:35:00.348349
667,6,107,Reusable Bags,152.09,2024-04-13 17:35:00.348349
668,138,103,Organic Soap,29.04,2024-06-29 17:35:00.348349
669,69,106,Reusable Bags,155.95,2025-02-01 17:35:00.348349
670,105,106,Natural Detergent,14.22,2024-05-31 17:35:00.348349
671,97,101,Compost Bin,110.58,2024-07-11 17:35:00.348349
672,96,103,Bamboo Towels,37.36,2024-09-14 17:35:00.348349
673,131,105,Wooden Utensils,112.88,2024-07-25 17:35:00.348349
674,103,108,Recycled Planters,84.7,2025-02-06 17:35:00.348349
675,76,103,Solar Lights,147.55,2024-06-13 17:35:00.348349
676,62,105,Organic Soap,96.54,2024-09-09 17:35:00.348349
677,9,102,Recycled Planters,44.17,2024-12-08 17:35:00.348349
678,101,109,Organic Soap,104.44,2024-12-19 17:35:00.348349
679,113,106,Reusable Bags,153.91,2024-05-08 17:35:00.348349
680,63,108,Cork Yoga Mat,167.12,2025-03-19 17:35:00.348349
681,142,102,Natural Detergent,28.94,2025-03-19 17:35:00.348349
682,196,106,Natural Detergent,100.45,2024-09-07 17:35:00.348349
683,142,103,Reusable Bags,164.5,2024-11-28 17:35:00.348349
684,75,102,Bamboo Towels,199.28,2025-02-25 17:35:00.348349
685,178,107,Bamboo Towels,189.68,2024-12-11 17:35:00.348349
686,182,104,Recycled Planters,73.48,2024-07-19 17:35:00.348349
687,62,109,Beeswax Wraps,170.59,2024-04-12 17:35:00.348349
688,197,104,Beeswax Wraps,30.74,2024-12-01 17:35:00.348349
689,63,105,Recycled Planters,16.64,2025-02-19 17:35:00.348349
690,155,109,Compost Bin,25.2,2024-11-25 17:35:00.348349
691,165,102,Wooden Utensils,194.27,2025-02-01 17:35:00.348349
692,97,105,Solar Lights,74.19,2024-11-04 17:35:00.348349
693,99,105,Bamboo Towels,102.64,2024-12-30 17:35:00.348349
694,28,105,Wooden Utensils,145.44,2024-10-03 17:35:00.348349
695,124,107,Recycled Planters,33.31,2024-12-25 17:35:00.348349
696,80,110,Beeswax Wraps,185.36,2024-04-28 17:35:00.348349
697,135,108,Organic Soap,18.03,2024-06-13 17:35:00.348349
698,200,108,Natural Detergent,79.78,2024-12-09 17:35:00.348349
699,11,102,Cork Yoga Mat,57.17,2025-03-08 17:35:00.348349
700,72,105,Compost Bin,170.65,2024-04-27 17:35:00.348349
701,84,101,Recycled Planters,69.29,2025-01-09 17:35:00.348349
702,154,104,Bamboo Towels,115.44,2024-09-07 17:35:00.348349
703,120,105,Organic Soap,12.65,2024-05-12 17:35:00.348349
704,76,101,Reusable Bags,25.26,2024-11-03 17:35:00.348349
705,42,106,Organic Soap,110.18,2024-04-15 17:35:00.348349
706,27,110,Beeswax Wraps,33.51,2024-10-31 17:35:00.348349
707,145,108,Beeswax Wraps,193.13,2024-09-04 17:35:00.348349
708,85,108,Organic Soap,186.3,2024-11-12 17:35:00.348349
709,63,101,Reusable Bags,77.02,2024-06-08 17:35:00.348349
710,44,106,Bamboo Towels,167.89,2024-10-18 17:35:00.348349
711,144,103,Compost Bin,67.42,2024-10-24 17:35:00.348349
712,200,102,Compost Bin,86.9,2024-09-10 17:35:00.348349
713,193,106,Compost Bin,65.61,2024-07-19 17:35:00.348349
714,142,101,Wooden Utensils,105.83,2024-07-30 17:35:00.348349
715,157,107,Natural Detergent,87.43,2024-08-05 17:35:00.348349
716,64,107,Cork Yoga Mat,170.89,2024-06-02 17:35:00.348349
717,19,109,Organic Soap,167.64,2024-09-20 17:35:00.348349
718,116,105,Reusable Bags,84.43,2024-04-29 17:35:00.348349
719,125,109,Recycled Planters,96.3,2024-05-05 17:35:00.348349
720,35,107,Solar Lights,127.79,2025-01-17 17:35:00.348349
721,79,107,Bamboo Towels,72.95,2024-11-05 17:35:00.348349
722,77,106,Reusable Bags,111.75,2024-05-22 17:35:00.348349
723,163,101,Solar Lights,69.62,2024-07-29 17:35:00.348349
724,33,107,Wooden Utensils,137.67,2025-02-25 17:35:00.348349
725,70,106,Natural Detergent,182.85,2025-03-16 17:35:00.348349
726,112,101,Organic Soap,188.24,2024-11-08 17:35:00.348349
727,168,110,Cork Yoga Mat,102.59,2025-02-25 17:35:00.348349
728,38,104,Beeswax Wraps,94.43,2024-12-23 17:35:00.348349
729,104,101,Solar Lights,56.22,2024-04-16 17:35:00.348349
730,107,108,Solar Lights,100.15,2024-07-01 17:35:00.348349
731,74,102,Solar Lights,166.9,2025-02-24 17:35:00.348349
732,108,110,Solar Lights,193.07,2025-01-29 17:35:00.348349
733,165,104,Cork Yoga Mat,137.41,2024-11-18 17:35:00.348349
734,17,108,Bamboo Towels,89.49,2024-09-14 17:35:00.348349
735,120,106,Recycled Planters,144.34,2024-07-21 17:35:00.348349
736,157,106,Bamboo Towels,112.88,2024-10-06 17:35:00.348349
737,180,105,Cork Yoga Mat,167.54,2024-12-03 17:35:00.348349
738,199,108,Natural Detergent,156.04,2024-10-29 17:35:00.348349
739,58,106,Solar Lights,13.75,2024-06-03 17:35:00.348349
740,48,110,Compost Bin,140.81,2024-04-08 17:35:00.348349
741,24,110,Organic Soap,145.28,2024-07-08 17:35:00.348349
742,100,105,Cork Yoga Mat,154.09,2024-05-10 17:35:00.348349
743,171,108,Organic Soap,38.95,2024-09-30 17:35:00.348349
744,20,110,Beeswax Wraps,134.79,2025-02-14 17:35:00.348349
745,112,110,Beeswax Wraps,142.06,2024-07-10 17:35:00.348349
746,159,101,Natural Detergent,36.39,2025-02-04 17:35:00.348349
747,118,107,Cork Yoga Mat,41.63,2024-06-28 17:35:00.348349
748,195,110,Cork Yoga Mat,83.75,2024-11-24 17:35:00.348349
749,137,105,Bamboo Towels,125.86,2024-03-27 17:35:00.348349
750,148,110,Cork Yoga Mat,17.79,2024-10-09 17:35:00.348349
751,70,106,Reusable Bags,73.59,2024-09-24 17:35:00.348349
752,166,104,Natural Detergent,110.03,2024-05-02 17:35:00.348349
753,125,107,Organic Soap,39.43,2025-02-09 17:35:00.348349
754,83,110,Natural Detergent,84.48,2024-05-20 17:35:00.348349
755,102,105,Recycled Planters,171.64,2024-06-08 17:35:00.348349
756,93,103,Compost Bin,194.63,2024-05-15 17:35:00.348349
757,177,109,Recycled Planters,111.73,2025-02-21 17:35:00.348349
758,175,102,Bamboo Towels,128.82,2024-10-16 17:35:00.348349
759,59,102,Natural Detergent,15.77,2024-10-07 17:35:00.348349
760,178,108,Reusable Bags,65.47,2024-03-28 17:35:00.348349
761,122,107,Bamboo Towels,31.57,2024-09-21 17:35:00.348349
762,65,106,Wooden Utensils,45.9,2024-12-25 17:35:00.348349
763,164,101,Reusable Bags,43.38,2024-05-11 17:35:00.348349
764,17,105,Wooden Utensils,83.13,2024-04-24 17:35:00.348349
765,6,107,Beeswax Wraps,57.74,2024-07-13 17:35:00.348349
766,145,101,Reusable Bags,163.49,2024-06-08 17:35:00.348349
767,81,110,Solar Lights,38.85,2024-10-09 17:35:00.348349
768,193,104,Beeswax Wraps,169.28,2024-07-22 17:35:00.348349
769,115,101,Bamboo Towels,86.59,2024-07-11 17:35:00.348349
770,145,103,Reusable Bags,13.48,2024-03-26 17:35:00.348349
771,90,103,Beeswax Wraps,134.14,2025-03-06 17:35:00.348349
772,126,107,Natural Detergent,57.31,2024-12-30 17:35:00.348349
773,71,102,Organic Soap,143.16,2024-05-31 17:35:00.348349
774,147,110,Compost Bin,146.77,2025-01-13 17:35:00.348349
775,137,106,Cork Yoga Mat,67.67,2024-11-04 17:35:00.348349
776,109,102,Solar Lights,111.83,2024-06-07 17:35:00.348349
777,55,109,Compost Bin,74.84,2024-10-30 17:35:00.348349
778,74,110,Beeswax Wraps,25.97,2024-07-27 17:35:00.348349
779,29,105,Wooden Utensils,118.27,2024-07-23 17:35:00.348349
780,144,101,Bamboo Towels,40.82,2024-12-21 17:35:00.348349
781,187,106,Solar Lights,128.69,2024-05-05 17:35:00.348349
782,148,102,Reusable Bags,176.39,2024-05-23 17:35:00.348349
783,130,106,Bamboo Towels,60.55,2024-05-23 17:35:00.348349
784,138,102,Bamboo Towels,110.37,2025-03-19 17:35:00.348349
785,194,101,Reusable Bags,157.24,2024-05-11 17:35:00.348349
786,122,101,Cork Yoga Mat,154.28,2024-10-18 17:35:00.348349
787,4,106,Reusable Bags,66.79,2024-09-25 17:35:00.348349
788,11,103,Recycled Planters,162.18,2024-04-30 17:35:00.348349
789,69,103,Reusable Bags,170.65,2025-02-20 17:35:00.348349
790,85,108,Compost Bin,77.64,2024-07-02 17:35:00.348349
791,36,110,Wooden Utensils,15.56,2024-12-19 17:35:00.348349
792,155,108,Cork Yoga Mat,19.99,2024-03-26 17:35:00.348349
793,88,109,Bamboo Towels,157.91,2024-04-29 17:35:00.348349
794,138,105,Compost Bin,99.09,2024-05-25 17:35:00.348349
795,179,108,Reusable Bags,197.6,2025-02-20 17:35:00.348349
796,10,110,Recycled Planters,24.95,2025-03-04 17:35:00.348349
797,136,109,Wooden Utensils,148.02,2024-08-29 17:35:00.348349
798,55,107,Wooden Utensils,180.17,2024-12-18 17:35:00.348349
799,18,105,Reusable Bags,73.83,2024-05-18 17:35:00.348349
800,140,110,Natural Detergent,18.74,2024-07-23 17:35:00.348349
801,6,108,Solar Lights,39.67,2025-01-11 17:35:00.348349
802,197,102,Bamboo Towels,90.98,2024-03-29 17:35:00.348349
803,13,107,Wooden Utensils,104.36,2024-05-31 17:35:00.348349
804,28,104,Compost Bin,119.85,2025-01-05 17:35:00.348349
805,9,104,Bamboo Towels,67.27,2024-12-26 17:35:00.348349
806,21,105,Organic Soap,122.04,2024-08-06 17:35:00.348349
807,18,109,Compost Bin,108.46,2024-11-05 17:35:00.348349
808,63,109,Cork Yoga Mat,88.79,2024-11-25 17:35:00.348349
809,1,109,Bamboo Towels,132.6,2025-02-16 17:35:00.348349
810,19,109,Natural Detergent,48.88,2025-02-14 17:35:00.348349
811,13,110,Cork Yoga Mat,192.52,2024-12-21 17:35:00.348349
812,170,102,Beeswax Wraps,31.43,2025-02-21 17:35:00.348349
813,140,101,Solar Lights,153.02,2024-09-30 17:35:00.348349
814,50,109,Organic Soap,109.99,2024-11-12 17:35:00.348349
815,3,108,Cork Yoga Mat,196.16,2024-06-29 17:35:00.348349
816,61,108,Solar Lights,140.71,2024-04-26 17:35:00.348349
817,112,104,Solar Lights,130.23,2024-08-23 17:35:00.348349
818,76,105,Cork Yoga Mat,14.81,2024-08-18 17:35:00.348349
819,22,101,Recycled Planters,44.01,2025-03-23 17:35:00.348349
820,53,101,Natural Detergent,89.62,2024-07-25 17:35:00.348349
821,103,103,Natural Detergent,38.5,2024-08-17 17:35:00.348349
822,125,109,Beeswax Wraps,148.44,2024-07-21 17:35:00.348349
823,137,104,Natural Detergent,78.42,2024-09-14 17:35:00.348349
824,192,103,Reusable Bags,164.35,2024-09-26 17:35:00.348349
825,39,109,Recycled Planters,97.69,2024-08-28 17:35:00.348349
826,183,101,Organic Soap,22.37,2024-10-15 17:35:00.348349
827,11,108,Compost Bin,146.67,2024-07-28 17:35:00.348349
828,174,107,Cork Yoga Mat,181.35,2024-11-03 17:35:00.348349
829,74,103,Beeswax Wraps,70.82,2024-04-14 17:35:00.348349
830,166,108,Natural Detergent,141.03,2024-06-12 17:35:00.348349
831,127,107,Beeswax Wraps,198.3,2024-12-24 17:35:00.348349
832,187,109,Compost Bin,121.14,2024-11-15 17:35:00.348349
833,9,109,Compost Bin,46.81,2024-10-18 17:35:00.348349
834,75,102,Wooden Utensils,18.8,2025-02-06 17:35:00.348349
835,89,109,Solar Lights,72.45,2025-01-27 17:35:00.348349
836,173,108,Compost Bin,111.8,2024-07-06 17:35:00.348349
837,97,101,Beeswax Wraps,134.27,2025-01-07 17:35:00.348349
838,185,102,Natural Detergent,112.66,2024-04-17 17:35:00.348349
839,197,109,Compost Bin,188.81,2024-11-27 17:35:00.348349
840,186,104,Reusable Bags,54.91,2025-03-18 17:35:00.348349
841,191,110,Compost Bin,165.64,2024-05-17 17:35:00.348349
842,199,108,Natural Detergent,111.23,2025-03-14 17:35:00.348349
843,99,108,Bamboo Towels,69.34,2025-03-02 17:35:00.348349
844,55,102,Solar Lights,185.36,2025-03-21 17:35:00.348349
845,104,106,Natural Detergent,191.33,2024-08-13 17:35:00.348349
846,165,105,Beeswax Wraps,176.73,2024-08-24 17:35:00.348349
847,200,108,Bamboo Towels,119.04,2024-09-26 17:35:00.348349
848,140,107,Wooden Utensils,23.1,2025-01-22 17:35:00.348349
849,187,108,Solar Lights,158.71,2025-01-31 17:35:00.348349
850,96,110,Cork Yoga Mat,35.82,2024-08-25 17:35:00.348349
851,72,103,Organic Soap,141.05,2024-09-02 17:35:00.348349
852,4,109,Bamboo Towels,50.88,2024-12-18 17:35:00.348349
853,200,110,Recycled Planters,35.25,2024-12-04 17:35:00.348349
854,177,107,Recycled Planters,32.37,2024-07-08 17:35:00.348349
855,144,107,Bamboo Towels,178.86,2025-02-15 17:35:00.348349
856,11,104,Bamboo Towels,58.98,2024-05-22 17:35:00.348349
857,140,110,Recycled Planters,184.98,2024-05-11 17:35:00.348349
858,165,103,Recycled Planters,144.18,2025-02-27 17:35:00.348349
859,100,106,Wooden Utensils,192.75,2024-12-25 17:35:00.348349
860,57,102,Solar Lights,190.1,2024-11-14 17:35:00.348349
861,164,103,Beeswax Wraps,40.1,2024-06-21 17:35:00.348349
862,173,101,Wooden Utensils,51.56,2024-08-20 17:35:00.348349
863,94,102,Recycled Planters,68.02,2024-09-21 17:35:00.348349
864,143,102,Bamboo Towels,79.77,2024-04-08 17:35:00.348349
865,189,106,Reusable Bags,93.72,2025-03-09 17:35:00.348349
866,21,109,Reusable Bags,137.0,2024-09-02 17:35:00.348349
867,125,109,Bamboo Towels,158.42,2025-02-12 17:35:00.348349
868,151,110,Cork Yoga Mat,67.49,2024-06-20 17:35:00.348349
869,158,110,Wooden Utensils,167.53,2024-08-15 17:35:00.348349
870,184,110,Compost Bin,182.66,2024-07-21 17:35:00.348349
871,133,105,Natural Detergent,32.46,2025-02-03 17:35:00.348349
872,68,101,Bamboo Towels,163.57,2024-09-11 17:35:00.348349
873,125,104,Bamboo Towels,109.91,2025-01-26 17:35:00.348349
874,67,108,Compost Bin,75.41,2024-05-24 17:35:00.348349
875,155,107,Wooden Utensils,142.04,2024-11-03 17:35:00.348349
876,99,102,Wooden Utensils,97.17,2024-07-20 17:35:00.348349
877,40,107,Bamboo Towels,87.13,2024-08-22 17:35:00.348349
878,44,101,Beeswax Wraps,126.9,2025-02-07 17:35:00.348349
879,112,104,Recycled Planters,43.17,2024-04-01 17:35:00.348349
880,165,108,Reusable Bags,174.78,2024-11-12 17:35:00.348349
881,186,104,Solar Lights,187.43,2024-07-09 17:35:00.348349
882,98,110,Bamboo Towels,123.1,2025-01-29 17:35:00.348349
883,81,101,Compost Bin,144.84,2024-04-26 17:35:00.348349
884,127,107,Bamboo Towels,37.28,2024-06-29 17:35:00.348349
885,143,110,Beeswax Wraps,44.04,2024-05-01 17:35:00.348349
886,131,105,Reusable Bags,65.51,2025-02-20 17:35:00.348349
887,162,108,Natural Detergent,153.26,2024-12-21 17:35:00.348349
888,165,106,Cork Yoga Mat,92.15,2024-11-10 17:35:00.348349
889,102,108,Natural Detergent,189.11,2024-04-18 17:35:00.348349
890,20,106,Wooden Utensils,130.26,2025-03-01 17:35:00.348349
891,184,106,Solar Lights,194.51,2024-08-27 17:35:00.348349
892,167,102,Cork Yoga Mat,116.2,2024-07-09 17:35:00.348349
893,85,106,Cork Yoga Mat,19.77,2024-04-05 17:35:00.348349
894,169,103,Solar Lights,160.62,2024-04-29 17:35:00.348349
895,21,102,Wooden Utensils,192.65,2024-12-05 17:35:00.348349
896,170,109,Cork Yoga Mat,184.26,2024-12-20 17:35:00.348349
897,112,110,Compost Bin,132.89,2025-01-01 17:35:00.348349
898,171,104,Organic Soap,116.24,2024-06-30 17:35:00.348349
899,125,107,Solar Lights,22.53,2024-11-01 17:35:00.348349
900,151,109,Natural Detergent,127.04,2024-05-19 17:35:00.348349
901,11,104,Compost Bin,165.78,2024-08-03 17:35:00.348349
902,154,102,Cork Yoga Mat,42.88,2024-05-13 17:35:00.348349
903,154,110,Organic Soap,40.79,2024-08-29 17:35:00.348349
904,109,104,Bamboo Towels,152.22,2024-12-29 17:35:00.348349
905,11,104,Bamboo Towels,139.26,2024-05-19 17:35:00.348349
906,133,102,Solar Lights,148.69,2024-09-08 17:35:00.348349
907,144,104,Beeswax Wraps,129.14,2024-04-18 17:35:00.348349
908,14,102,Solar Lights,188.99,2024-11-30 17:35:00.348349
909,66,106,Wooden Utensils,130.86,2025-03-24 17:35:00.348349
910,70,105,Reusable Bags,136.31,2024-10-24 17:35:00.348349
911,112,104,Natural Detergent,117.8,2024-05-14 17:35:00.348349
912,57,109,Reusable Bags,33.84,2024-06-08 17:35:00.348349
913,117,109,Solar Lights,79.96,2024-08-05 17:35:00.348349
914,125,108,Compost Bin,111.55,2024-10-19 17:35:00.348349
915,23,106,Wooden Utensils,92.51,2025-01-12 17:35:00.348349
916,64,107,Solar Lights,30.74,2025-03-22 17:35:00.348349
917,50,106,Organic Soap,149.54,2024-04-18 17:35:00.348349
918,198,106,Beeswax Wraps,158.62,2024-08-14 17:35:00.348349
919,109,102,Cork Yoga Mat,70.28,2024-11-01 17:35:00.348349
920,67,110,Recycled Planters,174.42,2024-07-26 17:35:00.348349
921,159,104,Cork Yoga Mat,145.03,2024-10-18 17:35:00.348349
922,4,105,Organic Soap,176.07,2025-02-16 17:35:00.348349
923,119,108,Compost Bin,125.11,2024-08-21 17:35:00.348349
924,127,101,Reusable Bags,82.35,2024-09-08 17:35:00.348349
925,62,101,Organic Soap,135.4,2024-09-27 17:35:00.348349
926,110,106,Beeswax Wraps,64.74,2024-09-06 17:35:00.348349
927,86,105,Solar Lights,191.5,2024-10-16 17:35:00.348349
928,36,105,Solar Lights,89.96,2025-03-18 17:35:00.348349
929,52,108,Bamboo Towels,127.12,2024-12-13 17:35:00.348349
930,118,109,Reusable Bags,102.02,2024-12-14 17:35:00.348349
931,166,109,Bamboo Towels,140.78,2024-11-23 17:35:00.348349
932,35,106,Recycled Planters,58.31,2024-05-31 17:35:00.348349
933,24,108,Wooden Utensils,141.99,2024-04-22 17:35:00.348349
934,173,103,Organic Soap,184.91,2024-12-21 17:35:00.348349
935,154,103,Bamboo Towels,49.8,2025-01-09 17:35:00.348349
936,64,104,Recycled Planters,91.06,2024-05-18 17:35:00.348349
937,34,109,Organic Soap,148.93,2024-05-06 17:35:00.348349
938,131,106,Organic Soap,195.26,2024-12-31 17:35:00.348349
939,19,110,Natural Detergent,138.08,2024-11-06 17:35:00.348349
940,174,106,Wooden Utensils,118.11,2024-12-16 17:35:00.348349
941,45,109,Compost Bin,11.8,2025-01-01 17:35:00.348349
942,65,105,Cork Yoga Mat,72.66,2024-09-07 17:35:00.348349
943,9,101,Wooden Utensils,140.23,2024-08-07 17:35:00.348349
944,43,101,Compost Bin,25.97,2024-09-24 17:35:00.348349
945,24,106,Compost Bin,121.96,2024-06-18 17:35:00.348349
946,102,110,Organic Soap,184.28,2024-12-13 17:35:00.348349
947,119,102,Natural Detergent,166.13,2025-03-12 17:35:00.348349
948,195,110,Natural Detergent,16.35,2024-07-30 17:35:00.348349
949,76,107,Beeswax Wraps,54.91,2024-08-26 17:35:00.348349
950,50,108,Organic Soap,173.7,2024-12-07 17:35:00.348349
951,126,103,Beeswax Wraps,95.14,2024-12-22 17:35:00.348349
952,49,103,Natural Detergent,64.28,2024-05-30 17:35:00.348349
953,44,107,Reusable Bags,93.74,2024-04-11 17:35:00.348349
954,193,109,Reusable Bags,170.05,2024-08-28 17:35:00.348349
955,84,105,Beeswax Wraps,35.7,2024-04-17 17:35:00.348349
956,121,106,Natural Detergent,189.66,2024-07-15 17:35:00.348349
957,134,101,Bamboo Towels,136.15,2024-12-18 17:35:00.348349
958,196,109,Reusable Bags,44.54,2025-02-06 17:35:00.348349
959,144,103,Beeswax Wraps,169.57,2024-06-02 17:35:00.348349
960,117,109,Natural Detergent,28.41,2024-06-17 17:35:00.348349
961,79,103,Organic Soap,180.67,2024-05-16 17:35:00.348349
962,170,105,Recycled Planters,129.64,2024-12-28 17:35:00.348349
963,142,108,Organic Soap,31.8,2025-01-21 17:35:00.348349
964,27,106,Beeswax Wraps,82.71,2025-01-18 17:35:00.348349
965,6,110,Bamboo Towels,182.97,2024-12-04 17:35:00.348349
966,140,108,Wooden Utensils,13.69,2024-11-30 17:35:00.348349
967,29,104,Organic Soap,186.29,2024-11-17 17:35:00.348349
968,24,102,Compost Bin,55.72,2024-12-25 17:35:00.348349
969,18,110,Beeswax Wraps,143.41,2024-05-01 17:35:00.348349
970,20,109,Beeswax Wraps,73.27,2025-01-14 17:35:00.348349
971,103,105,Cork Yoga Mat,101.3,2024-10-23 17:35:00.348349
972,115,108,Bamboo Towels,173.5,2024-06-09 17:35:00.348349
973,32,106,Solar Lights,185.44,2024-10-11 17:35:00.348349
974,163,104,Reusable Bags,123.28,2024-10-22 17:35:00.348349
975,87,105,Reusable Bags,93.08,2024-12-14 17:35:00.348349
976,167,105,Solar Lights,120.27,2025-02-11 17:35:00.348349
977,9,104,Reusable Bags,13.73,2024-11-28 17:35:00.348349
978,175,108,Reusable Bags,152.81,2025-01-05 17:35:00.348349
979,19,109,Wooden Utensils,170.12,2024-11-08 17:35:00.348349
980,107,108,Beeswax Wraps,34.54,2025-02-17 17:35:00.348349
981,170,103,Bamboo Towels,21.66,2024-07-21 17:35:00.348349
982,114,108,Solar Lights,62.43,2025-02-17 17:35:00.348349
983,131,105,Cork Yoga Mat,186.2,2024-11-16 17:35:00.348349
984,25,102,Reusable Bags,124.87,2024-09-13 17:35:00.348349
985,60,105,Natural Detergent,193.89,2024-06-22 17:35:00.348349
986,75,104,Organic Soap,192.02,2024-10-21 17:35:00.348349
987,102,104,Wooden Utensils,54.79,2025-03-08 17:35:00.348349
988,18,105,Organic Soap,61.59,2024-06-04 17:35:00.348349
989,29,102,Organic Soap,15.23,2024-05-02 17:35:00.348349
990,98,104,Recycled Planters,71.69,2024-08-19 17:35:00.348349
991,95,101,Organic Soap,138.24,2025-02-19 17:35:00.348349
992,54,107,Organic Soap,171.01,2024-07-13 17:35:00.348349
993,142,102,Solar Lights,67.89,2024-12-24 17:35:00.348349
994,171,104,Organic Soap,87.85,2024-10-04 17:35:00.348349
995,83,106,Compost Bin,143.61,2024-05-15 17:35:00.348349
996,149,104,Bamboo Towels,80.67,2024-07-02 17:35:00.348349
997,157,104,Organic Soap,40.37,2024-05-21 17:35:00.348349
998,126,108,Compost Bin,184.99,2025-01-31 17:35:00.348349
999,139,110,Recycled Planters,145.44,2024-08-30 17:35:00.348349
1000,165,108,Natural Detergent,24.77,2024-10-23 17:35:00.348349
